Bike_ID,Bike_Type,Purchase_Date,Last_Maintenance_Date
1,Electric,2020-03-09,2022-10-22
2,Electric,2020-02-24,2022-12-20
3,Standard,2020-02-06,2022-10-06
4,Standard,2021-12-28,2022-11-23
5,Standard,2019-06-03,2022-12-03
6,Standard,2019-09-30,2022-12-08
7,Standard,2018-03-24,2022-10-21
8,Standard,2018-01-28,2022-12-07
9,Standard,2018-09-23,2022-12-09
10,Standard,2021-07-30,2022-11-24
11,Standard,2019-02-01,2022-10-05
12,Electric,2020-08-19,2022-10-15
13,Standard,2020-02-02,2022-11-02
14,Standard,2020-09-06,2022-11-14
15,Standard,2022-09-20,2022-11-22
16,Standard,2021-11-07,2022-10-24
17,Standard,2020-03-21,2022-12-13
18,Electric,2019-08-04,2022-11-19
19,Standard,2021-09-04,2022-12-17
20,Electric,2019-09-03,2022-12-12
21,Standard,2018-07-12,2022-12-18
22,Standard,2018-08-15,2022-11-24
23,Standard,2019-03-27,2022-11-21
24,Standard,2021-04-20,2022-11-02
25,Standard,2020-07-20,2022-12-29
26,Electric,2021-09-12,2022-12-09
27,Standard,2022-06-17,2022-12-30
28,Standard,2019-10-17,2023-01-01
29,Electric,2018-07-22,2022-12-20
30,Standard,2019-02-06,2022-11-09
31,Standard,2022-07-26,2022-10-12
32,Standard,2019-04-17,2022-11-23
33,Standard,2022-12-08,2022-12-22
34,Standard,2022-07-28,2022-11-21
35,Standard,2020-06-08,2022-12-29
36,Standard,2018-06-28,2022-12-08
37,Standard,2022-09-18,2022-11-27
38,Standard,2020-11-07,2022-10-30
39,Standard,2019-04-08,2022-11-19
40,Standard,2020-04-14,2022-11-23
41,Electric,2019-09-01,2022-11-18
42,Standard,2022-04-19,2022-12-25
43,Electric,2020-07-14,2022-10-09
44,Standard,2021-11-27,2022-11-28
45,Standard,2021-11-17,2022-11-19
46,Standard,2020-07-24,2022-12-15
47,Electric,2018-10-27,2022-11-16
48,Standard,2018-12-17,2022-12-08
49,Electric,2018-07-06,2022-11-22
50,Electric,2021-10-02,2022-12-28
51,Standard,2019-09-15,2022-10-30
52,Standard,2021-12-03,2022-11-01
53,Standard,2022-11-18,2022-10-22
54,Standard,2018-03-12,2022-10-07
55,Standard,2021-09-12,2022-12-30
56,Electric,2021-05-20,2022-11-26
57,Standard,2018-11-05,2022-11-22
58,Standard,2021-02-05,2022-12-13
59,Standard,2018-06-26,2022-10-27
60,Electric,2019-03-03,2022-10-07
61,Standard,2020-01-10,2022-11-23
62,Electric,2019-06-15,2022-10-09
63,Electric,2019-02-22,2022-10-17
64,Standard,2018-09-05,2022-12-25
65,Standard,2018-07-28,2022-12-28
66,Standard,2018-08-04,2022-12-08
67,Standard,2019-12-14,2022-11-24
68,Electric,2019-03-14,2022-11-26
69,Standard,2022-11-28,2022-12-28
70,Standard,2022-06-30,2022-12-25
71,Standard,2018-11-07,2022-12-29
72,Standard,2022-12-12,2022-11-22
73,Standard,2019-01-18,2022-11-03
74,Standard,2020-09-07,2022-11-09
75,Electric,2021-07-18,2022-12-11
76,Standard,2018-05-01,2022-10-16
77,Standard,2019-02-11,2022-12-14
78,Electric,2018-09-02,2022-10-17
79,Electric,2018-03-07,2022-10-26
80,Standard,2020-07-30,2022-11-30
81,Standard,2018-08-16,2022-12-11
82,Standard,2020-05-31,2022-10-29
83,Standard,2018-05-17,2022-12-22
84,Electric,2018-07-13,2022-12-17
85,Standard,2019-12-07,2022-10-26
86,Electric,2019-10-20,2022-11-19
87,Standard,2019-10-19,2022-10-06
88,Standard,2022-02-21,2022-12-24
89,Standard,2022-05-27,2022-10-22
90,Standard,2021-10-09,2022-10-16
91,Standard,2020-07-18,2022-10-15
92,Standard,2022-09-24,2022-11-01
93,Standard,2019-07-10,2022-10-08
94,Electric,2021-03-26,2022-12-18
95,Standard,2020-08-15,2022-12-27
96,Electric,2022-02-08,2023-01-01
97,Standard,2020-11-05,2022-12-13
98,Electric,2021-01-06,2022-11-27
99,Electric,2018-02-21,2022-12-31
100,Standard,2019-05-29,2022-10-24
101,Electric,2022-03-08,2022-12-31
102,Standard,2020-01-14,2022-12-30
103,Electric,2020-12-20,2022-12-26
104,Standard,2021-03-01,2022-10-10
105,Standard,2021-11-06,2022-10-30
106,Standard,2022-05-07,2022-11-22
107,Standard,2019-11-23,2022-11-09
108,Standard,2019-06-27,2022-11-22
109,Electric,2019-02-14,2022-12-28
110,Electric,2018-06-04,2022-10-05
111,Standard,2019-09-25,2022-10-12
112,Electric,2018-02-20,2022-10-31
113,Electric,2020-10-20,2023-01-01
114,Standard,2020-09-20,2022-12-08
115,Standard,2021-01-23,2022-10-13
116,Standard,2022-09-08,2022-11-17
117,Electric,2022-03-27,2022-12-18
118,Electric,2019-06-08,2022-10-25
119,Standard,2018-12-21,2022-12-16
120,Standard,2020-12-04,2022-12-12
121,Electric,2020-03-12,2022-11-10
122,Electric,2021-05-13,2022-11-08
123,Electric,2022-10-21,2022-10-07
124,Standard,2020-04-19,2022-12-23
125,Standard,2021-12-25,2022-10-13
126,Standard,2018-09-13,2022-11-06
127,Standard,2018-09-05,2022-10-29
128,Electric,2019-06-17,2022-11-26
129,Standard,2018-02-10,2022-12-26
130,Electric,2022-01-22,2022-10-18
131,Standard,2020-02-29,2022-11-23
132,Electric,2021-07-24,2022-11-13
133,Standard,2018-07-14,2023-01-01
134,Standard,2020-12-30,2022-12-13
135,Standard,2021-07-17,2022-12-02
136,Standard,2021-09-20,2022-10-26
137,Electric,2022-05-28,2022-10-04
138,Standard,2018-11-04,2022-12-21
139,Standard,2021-12-21,2022-12-11
140,Electric,2021-05-07,2023-01-01
141,Electric,2018-03-17,2023-01-01
142,Standard,2020-02-26,2022-12-30
143,Electric,2020-03-05,2022-10-18
144,Standard,2022-08-09,2022-12-12
145,Standard,2022-03-29,2022-12-20
146,Standard,2022-07-23,2022-11-02
147,Standard,2018-08-18,2022-12-20
148,Standard,2018-03-26,2022-10-12
149,Standard,2021-03-31,2022-11-30
150,Standard,2019-02-01,2022-12-27
151,Electric,2021-10-26,2022-12-08
152,Standard,2022-05-06,2022-12-10
153,Electric,2018-08-03,2022-10-06
154,Electric,2020-10-21,2022-12-07
155,Standard,2019-01-12,2022-12-29
156,Standard,2019-02-16,2022-11-28
157,Standard,2022-07-17,2022-10-19
158,Electric,2020-03-10,2022-12-08
159,Standard,2021-05-08,2022-12-13
160,Standard,2021-04-21,2023-01-01
161,Electric,2019-02-14,2022-10-26
162,Standard,2021-11-22,2022-12-10
163,Standard,2018-08-04,2022-12-11
164,Standard,2020-01-22,2022-11-01
165,Electric,2018-12-15,2023-01-01
166,Electric,2022-05-23,2022-11-04
167,Standard,2020-04-10,2022-10-26
168,Standard,2022-06-06,2022-12-14
169,Electric,2019-10-16,2022-12-03
170,Electric,2020-10-18,2023-01-01
171,Electric,2020-11-30,2022-11-15
172,Standard,2022-11-10,2022-12-14
173,Electric,2018-01-03,2022-11-11
174,Standard,2021-01-22,2022-10-09
175,Standard,2020-12-18,2022-12-11
176,Electric,2020-01-10,2022-11-13
177,Standard,2019-02-11,2022-10-28
178,Electric,2018-01-18,2022-12-27
179,Standard,2022-02-26,2022-10-30
180,Electric,2020-01-21,2022-12-12
181,Standard,2022-03-12,2022-12-14
182,Standard,2019-08-09,2022-11-26
183,Standard,2020-06-06,2022-10-31
184,Standard,2018-11-28,2022-12-04
185,Electric,2020-10-09,2022-11-03
186,Standard,2018-06-18,2022-11-29
187,Standard,2020-02-15,2023-01-01
188,Standard,2022-08-23,2022-11-15
189,Electric,2020-04-28,2022-10-05
190,Standard,2022-09-01,2022-12-12
191,Standard,2020-07-29,2022-11-29
192,Standard,2018-07-25,2022-12-07
193,Electric,2019-06-05,2022-11-27
194,Standard,2022-03-09,2022-12-10
195,Standard,2020-10-14,2022-10-13
196,Electric,2021-10-01,2022-11-16
197,Standard,2018-10-31,2022-10-18
198,Standard,2018-04-25,2022-11-19
199,Electric,2019-10-26,2022-12-13
200,Standard,2018-03-28,2022-12-06
201,Standard,2021-01-23,2022-11-02
202,Standard,2020-01-13,2022-11-26
203,Electric,2019-03-04,2022-10-10
204,Standard,2022-09-18,2022-11-11
205,Standard,2019-03-26,2022-10-19
206,Standard,2022-07-08,2022-11-01
207,Electric,2020-02-25,2022-10-28
208,Standard,2022-04-14,2022-12-09
209,Standard,2019-12-16,2022-10-14
210,Standard,2018-01-02,2022-12-21
211,Standard,2021-01-06,2022-12-17
212,Electric,2021-09-09,2022-11-27
213,Standard,2020-01-13,2022-12-31
214,Electric,2021-01-26,2022-10-05
215,Standard,2022-07-11,2022-11-01
216,Electric,2018-04-20,2022-10-30
217,Standard,2019-11-10,2022-12-04
218,Standard,2022-01-20,2022-10-20
219,Electric,2022-02-20,2022-10-07
220,Electric,2019-01-06,2022-12-02
221,Standard,2021-09-22,2022-10-11
222,Standard,2020-06-08,2022-12-18
223,Standard,2019-08-22,2022-11-08
224,Electric,2020-11-11,2022-11-30
225,Standard,2019-12-23,2022-10-13
226,Standard,2018-11-01,2022-11-11
227,Standard,2020-07-12,2022-12-13
228,Electric,2021-07-19,2022-10-21
229,Standard,2022-02-22,2022-11-25
230,Standard,2020-04-15,2022-12-30
231,Standard,2019-03-22,2022-11-09
232,Standard,2020-07-20,2022-10-28
233,Standard,2018-10-05,2022-12-15
234,Electric,2022-08-02,2022-10-07
235,Electric,2019-01-12,2022-10-11
236,Standard,2018-08-20,2022-12-26
237,Electric,2022-11-04,2022-11-28
238,Standard,2019-08-15,2022-10-10
239,Standard,2019-03-02,2022-10-10
240,Electric,2020-12-14,2022-10-11
241,Standard,2019-03-17,2022-10-14
242,Standard,2018-02-03,2022-10-09
243,Electric,2018-11-25,2022-11-03
244,Standard,2020-04-24,2022-12-09
245,Electric,2019-03-30,2022-11-24
246,Electric,2021-11-12,2022-12-21
247,Standard,2020-02-03,2022-11-10
248,Standard,2021-12-24,2022-10-30
249,Standard,2022-02-08,2022-12-29
250,Standard,2021-02-22,2022-12-28
251,Standard,2019-06-07,2022-12-17
252,Electric,2019-04-27,2022-12-06
253,Standard,2018-11-13,2022-12-29
254,Standard,2018-05-02,2022-10-22
255,Standard,2022-04-20,2022-11-15
256,Standard,2019-08-04,2022-12-25
257,Electric,2021-08-29,2022-10-13
258,Standard,2019-05-02,2022-11-17
259,Electric,2022-08-02,2022-11-19
260,Standard,2020-11-01,2022-10-27
261,Standard,2018-05-05,2022-11-11
262,Standard,2019-10-21,2022-11-29
263,Standard,2021-01-05,2022-11-01
264,Standard,2019-08-03,2022-12-12
265,Standard,2019-12-19,2022-12-09
266,Electric,2021-06-13,2022-11-19
267,Standard,2022-05-14,2022-11-22
268,Electric,2020-02-09,2022-12-04
269,Standard,2021-07-01,2022-12-27
270,Standard,2020-06-22,2022-11-07
271,Standard,2019-02-10,2022-12-19
272,Standard,2021-06-20,2022-11-13
273,Electric,2022-01-24,2022-10-16
274,Standard,2018-10-04,2022-11-11
275,Standard,2022-02-01,2022-10-06
276,Standard,2021-05-28,2022-10-17
277,Standard,2021-06-02,2023-01-01
278,Electric,2020-07-13,2022-12-21
279,Standard,2021-01-29,2022-12-09
280,Electric,2020-05-03,2022-11-26
281,Standard,2022-07-16,2022-10-10
282,Electric,2022-10-20,2022-10-24
283,Electric,2019-05-22,2022-10-18
284,Standard,2022-05-30,2022-10-09
285,Standard,2021-09-16,2022-12-30
286,Electric,2018-08-25,2022-12-06
287,Standard,2020-09-20,2022-11-10
288,Electric,2021-09-24,2022-12-16
289,Standard,2020-01-22,2022-12-18
290,Standard,2019-05-21,2022-11-24
291,Electric,2018-06-14,2022-12-29
292,Standard,2020-04-25,2022-12-16
293,Standard,2022-08-20,2022-12-22
294,Standard,2022-10-13,2022-12-21
295,Standard,2022-12-18,2022-12-01
296,Electric,2019-12-29,2022-12-06
297,Electric,2021-05-26,2022-11-19
298,Electric,2022-11-04,2022-11-20
299,Standard,2019-01-11,2022-11-14
300,Standard,2020-11-01,2022-10-21
301,Electric,2021-12-26,2022-11-20
302,Standard,2018-03-24,2022-12-30
303,Standard,2019-03-07,2022-12-04
304,Electric,2022-07-07,2022-10-09
305,Standard,2019-04-23,2022-11-28
306,Standard,2020-02-22,2022-11-15
307,Standard,2022-09-27,2022-10-20
308,Standard,2019-01-04,2022-10-07
309,Standard,2022-08-04,2022-11-24
310,Electric,2020-08-12,2022-10-05
311,Standard,2022-07-18,2022-12-09
312,Standard,2018-05-21,2022-12-13
313,Electric,2019-12-21,2022-12-18
314,Standard,2022-07-09,2022-10-09
315,Standard,2022-10-08,2022-10-18
316,Standard,2022-01-19,2022-12-15
317,Electric,2022-03-06,2022-11-03
318,Standard,2021-11-27,2022-10-07
319,Standard,2020-10-12,2022-11-22
320,Standard,2018-10-15,2022-10-25
321,Standard,2018-12-21,2022-10-04
322,Standard,2018-12-09,2022-10-19
323,Standard,2018-05-29,2022-12-22
324,Standard,2018-07-29,2022-11-07
325,Standard,2021-02-09,2022-12-15
326,Standard,2019-10-16,2022-12-21
327,Standard,2020-09-02,2022-12-17
328,Standard,2019-06-20,2022-12-06
329,Electric,2020-12-08,2022-12-16
330,Electric,2022-12-29,2022-10-09
331,Electric,2018-11-27,2022-12-02
332,Standard,2018-12-31,2022-11-28
333,Standard,2018-01-11,2022-12-06
334,Standard,2021-04-26,2022-10-07
335,Standard,2019-05-24,2022-12-01
336,Standard,2019-08-03,2022-12-16
337,Standard,2022-01-08,2022-12-22
338,Standard,2021-01-18,2023-01-01
339,Standard,2019-09-14,2022-10-12
340,Standard,2020-06-19,2022-11-14
341,Standard,2022-08-27,2022-11-22
342,Standard,2022-01-11,2022-12-13
343,Standard,2019-12-19,2022-10-23
344,Electric,2020-11-21,2022-11-26
345,Standard,2018-11-23,2022-12-17
346,Standard,2018-03-15,2022-11-24
347,Electric,2018-09-08,2022-11-18
348,Standard,2019-03-26,2022-10-30
349,Standard,2020-06-24,2022-11-16
350,Standard,2018-12-21,2022-12-10
351,Standard,2019-06-17,2022-12-01
352,Standard,2018-10-23,2022-11-14
353,Standard,2018-10-25,2022-10-13
354,Standard,2021-09-13,2022-12-14
355,Electric,2018-10-29,2022-10-16
356,Standard,2019-05-27,2022-10-27
357,Standard,2021-09-23,2022-11-24
358,Standard,2019-08-08,2022-10-05
359,Standard,2019-01-09,2022-11-03
360,Electric,2022-04-26,2022-12-22
361,Standard,2021-01-22,2022-11-14
362,Electric,2018-05-12,2022-12-18
363,Standard,2022-06-23,2022-10-11
364,Electric,2020-06-28,2022-11-02
365,Standard,2018-02-22,2022-11-20
366,Standard,2022-02-28,2022-12-18
367,Electric,2018-08-17,2022-10-15
368,Electric,2019-10-02,2022-10-15
369,Standard,2021-05-20,2022-10-21
370,Electric,2020-03-07,2022-12-28
371,Standard,2020-03-01,2022-10-11
372,Standard,2022-03-08,2022-10-06
373,Standard,2019-05-10,2022-12-04
374,Electric,2020-05-02,2022-11-01
375,Electric,2019-11-02,2022-11-03
376,Standard,2021-06-10,2022-10-25
377,Standard,2020-12-30,2022-12-11
378,Standard,2022-10-07,2022-12-20
379,Standard,2018-07-08,2022-11-13
380,Standard,2019-10-25,2022-11-16
381,Standard,2018-01-08,2022-12-04
382,Standard,2018-11-28,2022-10-14
383,Standard,2022-06-24,2022-12-16
384,Standard,2020-11-05,2022-12-13
385,Electric,2019-10-28,2022-10-16
386,Standard,2019-10-31,2022-12-27
387,Standard,2021-01-21,2022-12-11
388,Standard,2021-07-09,2022-12-24
389,Standard,2022-04-22,2022-12-01
390,Standard,2018-06-10,2022-10-06
391,Standard,2018-12-17,2022-11-30
392,Electric,2021-04-12,2022-10-17
393,Standard,2018-11-13,2022-10-24
394,Standard,2020-07-25,2022-11-14
395,Standard,2018-01-18,2022-12-03
396,Standard,2019-05-01,2022-12-17
397,Electric,2019-01-02,2022-10-29
398,Electric,2018-12-17,2022-10-12
399,Standard,2019-06-12,2022-10-08
400,Standard,2020-05-21,2022-10-04
401,Electric,2021-12-29,2022-12-19
402,Standard,2020-07-21,2022-11-07
403,Electric,2018-09-27,2022-11-26
404,Electric,2020-05-20,2022-11-14
405,Standard,2020-12-27,2022-10-16
406,Electric,2020-11-19,2022-10-04
407,Electric,2018-11-12,2022-11-13
408,Electric,2020-01-07,2022-11-27
409,Standard,2018-06-13,2022-11-11
410,Standard,2020-07-14,2022-12-10
411,Standard,2018-11-16,2022-10-28
412,Standard,2020-11-03,2022-10-23
413,Standard,2018-10-06,2022-11-18
414,Standard,2019-03-08,2022-10-08
415,Standard,2019-10-30,2022-12-05
416,Standard,2019-09-26,2022-12-13
417,Standard,2021-07-10,2022-11-14
418,Standard,2022-09-02,2022-11-06
419,Electric,2019-06-06,2022-10-12
420,Standard,2020-08-21,2022-10-06
421,Standard,2021-04-10,2022-11-04
422,Electric,2018-12-24,2022-12-07
423,Standard,2020-11-02,2022-12-14
424,Standard,2019-12-26,2022-12-20
425,Electric,2019-11-04,2022-10-20
426,Electric,2018-08-20,2022-11-01
427,Standard,2022-02-08,2022-12-19
428,Electric,2019-04-16,2022-10-21
429,Electric,2021-03-29,2022-12-22
430,Standard,2019-10-01,2022-10-27
431,Standard,2019-07-14,2022-12-21
432,Standard,2021-07-08,2022-11-28
433,Standard,2019-07-27,2022-11-24
434,Standard,2022-07-16,2022-12-01
435,Electric,2019-08-25,2022-12-19
436,Standard,2021-10-14,2022-10-29
437,Standard,2018-09-12,2022-12-06
438,Standard,2019-08-25,2022-11-03
439,Standard,2022-03-19,2022-11-20
440,Standard,2018-10-07,2022-10-29
441,Standard,2018-04-27,2022-11-08
442,Standard,2019-09-02,2022-10-06
443,Electric,2021-03-31,2022-10-13
444,Standard,2020-05-01,2022-11-28
445,Standard,2018-10-25,2022-12-01
446,Standard,2020-07-04,2022-12-14
447,Standard,2021-08-13,2022-11-24
448,Standard,2022-06-06,2022-12-13
449,Standard,2021-10-13,2022-12-05
450,Electric,2022-08-11,2022-12-30
451,Standard,2019-06-02,2022-12-01
452,Standard,2019-01-13,2022-10-08
453,Standard,2022-09-17,2022-11-05
454,Electric,2019-03-02,2022-11-09
455,Standard,2022-11-23,2022-11-21
456,Electric,2019-06-21,2022-12-18
457,Standard,2019-07-07,2022-10-11
458,Standard,2018-06-18,2022-11-01
459,Electric,2019-05-30,2022-12-02
460,Electric,2021-10-19,2022-11-02
461,Standard,2022-09-03,2022-12-07
462,Standard,2019-03-06,2022-10-25
463,Standard,2019-07-23,2022-11-06
464,Standard,2018-03-24,2022-12-13
465,Electric,2018-11-26,2022-10-28
466,Standard,2019-11-22,2022-12-12
467,Standard,2021-03-02,2022-11-03
468,Electric,2022-06-10,2022-10-31
469,Standard,2019-04-02,2022-11-12
470,Standard,2018-12-19,2022-10-10
471,Electric,2022-12-12,2022-11-24
472,Standard,2018-12-10,2022-12-22
473,Standard,2021-01-22,2022-11-06
474,Standard,2021-11-06,2022-12-30
475,Standard,2020-02-01,2022-11-26
476,Standard,2021-08-11,2022-10-10
477,Standard,2018-07-17,2022-12-08
478,Electric,2018-03-20,2022-12-12
479,Electric,2019-11-09,2022-10-14
480,Electric,2019-07-05,2022-11-21
481,Standard,2020-03-30,2023-01-01
482,Electric,2018-08-02,2022-12-10
483,Standard,2022-07-25,2022-12-09
484,Standard,2019-10-31,2022-11-16
485,Electric,2020-09-15,2022-10-05
486,Standard,2020-06-12,2022-12-26
487,Standard,2018-06-08,2022-11-25
488,Electric,2020-01-09,2022-11-16
489,Standard,2019-07-11,2022-11-28
490,Standard,2018-07-20,2022-10-16
491,Standard,2018-01-22,2022-11-01
492,Electric,2021-09-24,2022-10-21
493,Standard,2021-06-19,2022-12-30
494,Standard,2022-10-31,2022-12-13
495,Standard,2021-06-15,2022-11-19
496,Standard,2021-03-18,2022-12-01
497,Electric,2020-02-24,2022-12-07
498,Standard,2022-05-22,2022-11-15
499,Standard,2018-01-07,2022-12-28
500,Standard,2021-06-10,2022-11-04
501,Electric,2020-03-14,2022-11-02
502,Standard,2020-02-07,2022-11-14
503,Standard,2019-08-02,2022-12-03
504,Standard,2022-11-21,2022-12-16
505,Standard,2021-01-05,2022-10-24
506,Electric,2019-05-04,2022-11-05
507,Electric,2020-07-14,2022-10-31
508,Electric,2018-03-28,2022-11-02
509,Electric,2022-11-23,2022-10-31
510,Electric,2018-08-10,2022-12-18
511,Standard,2019-02-17,2023-01-01
512,Electric,2019-08-07,2022-12-20
513,Standard,2018-07-21,2022-11-15
514,Standard,2019-07-25,2022-11-29
515,Standard,2021-07-23,2022-12-03
516,Electric,2018-08-09,2022-12-14
517,Standard,2018-06-06,2022-10-30
518,Electric,2021-04-19,2022-10-28
519,Standard,2022-10-15,2022-11-06
520,Standard,2018-05-09,2022-11-19
521,Standard,2021-06-20,2022-12-21
522,Standard,2021-04-10,2022-11-23
523,Standard,2022-03-07,2022-12-09
524,Standard,2022-02-12,2022-12-22
525,Electric,2020-05-26,2022-10-28
526,Standard,2018-09-27,2023-01-01
527,Standard,2021-12-15,2022-11-05
528,Standard,2018-06-12,2022-12-05
529,Standard,2020-08-12,2022-10-26
530,Standard,2018-01-24,2022-11-04
531,Standard,2019-05-12,2022-10-23
532,Standard,2018-07-12,2022-12-11
533,Standard,2020-05-27,2022-10-04
534,Electric,2019-01-25,2022-12-04
535,Electric,2019-05-12,2022-10-05
536,Standard,2020-08-21,2022-10-20
537,Standard,2020-03-16,2022-10-10
538,Standard,2018-05-09,2022-10-16
539,Standard,2020-10-17,2022-10-25
540,Electric,2019-07-07,2022-11-18
541,Standard,2022-04-16,2022-10-24
542,Standard,2020-11-25,2022-10-08
543,Standard,2022-01-20,2022-12-16
544,Electric,2018-12-27,2022-10-15
545,Electric,2020-02-04,2022-11-24
546,Electric,2021-05-23,2022-11-23
547,Standard,2018-10-14,2022-12-05
548,Standard,2020-02-07,2022-12-31
549,Standard,2020-07-13,2022-10-12
550,Standard,2019-01-04,2022-12-06
551,Standard,2022-02-01,2022-12-12
552,Standard,2020-06-17,2022-10-07
553,Standard,2021-04-24,2022-12-26
554,Electric,2022-02-06,2022-11-02
555,Standard,2020-12-20,2022-11-11
556,Standard,2018-09-19,2022-11-15
557,Standard,2020-02-27,2022-12-14
558,Standard,2018-04-21,2022-10-21
559,Standard,2020-07-30,2022-12-21
560,Standard,2018-05-21,2022-10-23
561,Standard,2020-01-15,2022-12-31
562,Standard,2019-06-19,2022-12-16
563,Standard,2018-03-20,2022-10-19
564,Standard,2022-02-26,2022-10-18
565,Standard,2020-11-20,2022-12-30
566,Standard,2022-03-20,2022-12-12
567,Standard,2019-05-24,2022-10-16
568,Electric,2020-08-28,2022-10-15
569,Standard,2022-07-12,2022-11-12
570,Standard,2018-03-07,2022-12-23
571,Electric,2022-03-14,2022-11-08
572,Electric,2021-10-26,2022-11-27
573,Electric,2018-10-14,2022-11-12
574,Standard,2021-04-14,2022-10-20
575,Standard,2018-05-03,2022-12-16
576,Standard,2021-06-08,2022-10-05
577,Standard,2019-07-09,2022-11-02
578,Electric,2020-09-30,2022-10-19
579,Standard,2018-01-04,2022-12-20
580,Electric,2022-09-22,2022-10-29
581,Standard,2019-02-16,2022-10-09
582,Standard,2018-09-07,2022-10-14
583,Electric,2022-08-07,2022-10-07
584,Electric,2022-02-19,2022-10-20
585,Electric,2021-09-30,2022-11-15
586,Electric,2021-09-18,2022-10-08
587,Standard,2019-03-29,2022-10-24
588,Standard,2018-06-07,2022-11-16
589,Electric,2022-05-20,2022-12-23
590,Standard,2020-04-16,2022-11-06
591,Standard,2020-10-10,2022-10-14
592,Standard,2021-07-17,2022-12-20
593,Standard,2022-05-30,2022-11-02
594,Standard,2021-12-12,2022-11-05
595,Electric,2022-01-03,2022-10-10
596,Standard,2020-11-18,2022-10-26
597,Standard,2020-09-04,2022-10-10
598,Electric,2018-12-01,2022-10-08
599,Standard,2021-06-15,2022-12-04
600,Electric,2018-06-02,2022-12-17
601,Standard,2022-06-18,2022-10-31
602,Electric,2020-01-19,2022-11-16
603,Standard,2020-04-13,2022-11-20
604,Standard,2021-02-12,2022-12-10
605,Electric,2020-03-18,2022-12-03
606,Electric,2022-10-21,2022-11-06
607,Standard,2020-01-28,2022-12-03
608,Electric,2021-11-23,2022-10-27
609,Standard,2020-11-21,2022-11-07
610,Electric,2019-06-16,2022-12-09
611,Standard,2018-02-22,2022-10-17
612,Standard,2019-12-19,2022-10-18
613,Standard,2022-10-21,2022-12-25
614,Standard,2021-05-03,2022-10-06
615,Standard,2021-08-21,2022-11-19
616,Standard,2022-09-27,2022-10-14
617,Standard,2018-12-11,2022-11-29
618,Standard,2021-01-10,2022-11-28
619,Standard,2018-01-01,2022-11-13
620,Electric,2018-06-16,2022-12-16
621,Standard,2018-11-13,2022-12-31
622,Electric,2021-04-21,2022-10-04
623,Electric,2020-08-22,2022-11-09
624,Standard,2020-06-16,2022-11-19
625,Electric,2018-09-30,2022-10-13
626,Standard,2022-08-20,2022-11-14
627,Standard,2019-01-08,2022-12-31
628,Standard,2021-10-17,2022-10-22
629,Standard,2020-06-18,2022-10-24
630,Electric,2018-07-20,2022-12-24
631,Standard,2021-04-30,2023-01-01
632,Standard,2021-09-26,2022-10-25
633,Electric,2021-08-15,2022-12-24
634,Standard,2022-03-10,2022-12-19
635,Standard,2022-05-31,2022-12-06
636,Standard,2018-05-20,2022-12-24
637,Electric,2018-11-02,2022-11-27
638,Electric,2021-05-04,2022-10-10
639,Standard,2020-12-20,2022-10-15
640,Standard,2018-12-26,2022-12-30
641,Standard,2018-11-03,2022-12-10
642,Standard,2022-02-12,2022-10-21
643,Electric,2018-11-29,2022-12-03
644,Standard,2021-01-11,2022-12-14
645,Standard,2018-11-30,2022-10-27
646,Electric,2019-06-01,2022-11-13
647,Electric,2020-01-01,2022-11-15
648,Standard,2020-07-12,2022-12-30
649,Standard,2020-02-05,2022-10-28
650,Standard,2022-02-06,2022-12-06
651,Standard,2021-11-18,2022-10-07
652,Standard,2022-06-12,2022-11-23
653,Standard,2022-10-11,2022-12-15
654,Electric,2022-09-12,2022-12-06
655,Electric,2022-10-10,2022-12-22
656,Standard,2020-02-24,2022-11-24
657,Standard,2022-05-20,2022-12-14
658,Electric,2021-11-04,2022-10-05
659,Electric,2018-01-21,2022-12-26
660,Electric,2020-05-28,2022-11-06
661,Standard,2018-06-26,2022-12-31
662,Standard,2021-10-18,2022-11-25
663,Electric,2018-01-22,2022-12-28
664,Standard,2020-04-16,2022-10-16
665,Standard,2020-08-17,2022-10-12
666,Standard,2019-07-02,2022-11-27
667,Electric,2018-09-07,2022-10-26
668,Standard,2019-10-23,2022-10-06
669,Electric,2020-08-09,2022-10-17
670,Standard,2021-01-01,2022-10-09
671,Electric,2021-01-19,2022-11-06
672,Standard,2021-04-14,2022-12-13
673,Standard,2018-05-06,2022-12-28
674,Electric,2021-05-12,2022-12-09
675,Electric,2021-06-23,2022-12-03
676,Electric,2019-09-03,2022-12-05
677,Standard,2021-07-18,2022-11-10
678,Standard,2020-10-06,2022-11-12
679,Standard,2018-02-13,2022-12-26
680,Standard,2022-10-24,2022-11-21
681,Electric,2022-06-21,2022-11-28
682,Standard,2019-07-02,2022-11-29
683,Standard,2021-04-06,2022-10-21
684,Standard,2019-03-11,2022-10-18
685,Standard,2020-11-19,2022-11-09
686,Electric,2020-03-04,2022-12-04
687,Standard,2022-06-09,2022-12-23
688,Standard,2018-12-23,2022-12-06
689,Electric,2022-02-23,2022-10-11
690,Standard,2022-07-15,2022-12-20
691,Standard,2022-12-28,2022-11-21
692,Standard,2021-06-25,2022-11-26
693,Standard,2022-09-16,2022-11-02
694,Standard,2018-09-10,2022-10-15
695,Standard,2020-02-24,2022-12-12
696,Standard,2019-12-22,2022-12-30
697,Standard,2021-11-06,2022-12-25
698,Standard,2022-04-09,2022-10-24
699,Standard,2022-07-16,2022-10-11
700,Electric,2020-01-07,2022-12-16
701,Standard,2020-06-18,2022-12-23
702,Electric,2021-12-13,2022-12-20
703,Standard,2018-05-03,2022-12-21
704,Standard,2021-08-10,2022-10-28
705,Standard,2019-11-16,2022-10-20
706,Electric,2018-05-23,2022-10-09
707,Standard,2020-09-29,2022-12-10
708,Standard,2020-07-26,2022-10-29
709,Electric,2019-05-26,2022-11-11
710,Electric,2022-09-01,2022-11-02
711,Standard,2018-02-26,2022-12-07
712,Electric,2018-02-11,2022-12-18
713,Electric,2020-03-31,2022-12-11
714,Standard,2022-07-13,2022-10-05
715,Standard,2021-02-18,2022-10-29
716,Standard,2022-11-22,2022-12-07
717,Standard,2018-12-09,2022-12-12
718,Electric,2018-11-28,2022-12-09
719,Standard,2022-01-19,2022-12-17
720,Standard,2021-12-31,2022-12-01
721,Electric,2018-12-07,2022-12-17
722,Standard,2018-12-07,2022-10-17
723,Electric,2021-12-10,2022-11-21
724,Electric,2020-04-28,2022-12-01
725,Electric,2018-07-01,2022-11-13
726,Electric,2022-08-28,2022-11-22
727,Standard,2020-09-10,2022-12-09
728,Standard,2021-07-11,2022-12-20
729,Standard,2021-05-18,2022-10-19
730,Standard,2019-06-07,2022-10-15
731,Standard,2018-07-01,2022-12-23
732,Standard,2022-01-07,2022-11-21
733,Electric,2018-09-08,2022-11-22
734,Electric,2018-05-18,2022-12-30
735,Standard,2021-05-26,2022-11-08
736,Standard,2020-01-21,2022-12-17
737,Standard,2019-03-30,2022-11-19
738,Electric,2020-06-01,2022-10-13
739,Standard,2018-03-28,2022-10-05
740,Standard,2018-10-20,2022-12-03
741,Standard,2018-04-02,2022-11-26
742,Standard,2018-07-27,2022-11-03
743,Electric,2021-05-12,2022-10-17
744,Standard,2018-07-05,2022-12-09
745,Standard,2021-01-13,2022-12-07
746,Electric,2022-08-15,2022-11-05
747,Electric,2018-06-05,2022-12-24
748,Electric,2018-10-20,2022-11-02
749,Standard,2019-06-17,2022-12-14
750,Standard,2018-06-10,2022-12-05
751,Standard,2021-11-10,2022-12-26
752,Standard,2022-02-17,2022-11-18
753,Standard,2022-03-07,2022-10-08
754,Standard,2020-04-30,2022-10-31
755,Standard,2018-06-05,2022-11-26
756,Electric,2018-05-23,2022-12-17
757,Standard,2022-11-28,2022-12-28
758,Electric,2022-07-01,2022-12-04
759,Standard,2021-07-31,2022-11-11
760,Standard,2019-07-16,2022-12-10
761,Standard,2018-02-04,2022-12-27
762,Electric,2018-08-12,2022-11-27
763,Standard,2019-10-30,2022-11-06
764,Electric,2019-01-28,2022-11-30
765,Standard,2019-02-12,2022-11-14
766,Electric,2022-09-23,2022-11-22
767,Standard,2021-11-12,2022-10-14
768,Electric,2022-09-16,2022-11-08
769,Standard,2022-11-08,2022-12-07
770,Electric,2018-10-24,2022-11-26
771,Standard,2018-11-19,2022-10-17
772,Standard,2022-02-20,2022-12-16
773,Electric,2022-05-13,2022-12-01
774,Standard,2018-02-08,2022-12-05
775,Standard,2019-05-20,2022-12-08
776,Electric,2022-03-07,2022-11-16
777,Standard,2020-01-23,2022-12-11
778,Standard,2022-04-10,2022-11-02
779,Standard,2021-09-01,2022-11-19
780,Electric,2022-02-28,2022-12-13
781,Standard,2021-02-14,2022-11-13
782,Standard,2021-09-27,2022-10-06
783,Electric,2018-08-28,2022-11-16
784,Electric,2019-11-18,2022-11-16
785,Electric,2022-01-08,2022-10-22
786,Electric,2020-01-10,2022-11-12
787,Standard,2020-09-23,2022-11-08
788,Standard,2019-05-02,2022-10-16
789,Standard,2020-02-04,2022-11-24
790,Electric,2021-12-05,2022-12-19
791,Electric,2019-09-15,2022-10-25
792,Electric,2022-11-12,2022-11-16
793,Standard,2020-01-06,2022-12-12
794,Standard,2018-10-25,2022-12-18
795,Standard,2020-12-11,2022-10-13
796,Standard,2020-01-03,2022-10-10
797,Electric,2020-09-27,2023-01-01
798,Standard,2018-10-31,2022-10-14
799,Standard,2021-08-04,2022-10-12
800,Electric,2019-10-26,2022-12-23
801,Standard,2020-06-17,2022-12-10
802,Standard,2021-02-15,2022-12-15
803,Standard,2021-12-18,2022-11-05
804,Electric,2020-03-01,2022-10-21
805,Electric,2019-10-09,2022-10-17
806,Standard,2018-07-28,2022-11-11
807,Standard,2021-02-24,2022-11-17
808,Standard,2021-08-09,2022-12-20
809,Standard,2019-06-03,2022-12-16
810,Standard,2021-05-30,2022-10-27
811,Standard,2018-03-18,2022-11-02
812,Standard,2018-12-04,2022-10-29
813,Electric,2020-05-12,2022-11-10
814,Standard,2022-12-19,2022-12-28
815,Standard,2022-10-29,2022-12-01
816,Standard,2020-07-01,2022-10-05
817,Standard,2021-07-22,2022-11-18
818,Standard,2020-03-17,2022-11-07
819,Standard,2021-02-14,2022-12-28
820,Electric,2021-08-08,2022-10-07
821,Electric,2021-07-18,2022-10-18
822,Electric,2022-01-10,2022-11-29
823,Standard,2021-03-26,2022-11-02
824,Electric,2019-07-26,2022-10-07
825,Standard,2021-04-22,2022-10-14
826,Electric,2019-02-28,2022-11-01
827,Standard,2022-08-07,2022-10-25
828,Standard,2019-11-04,2022-10-31
829,Standard,2022-06-13,2022-11-19
830,Electric,2020-11-05,2022-12-05
831,Electric,2020-07-14,2022-10-24
832,Electric,2022-11-20,2022-12-20
833,Standard,2018-04-08,2022-11-20
834,Standard,2022-06-28,2022-12-03
835,Electric,2018-10-27,2022-12-07
836,Standard,2020-01-17,2022-10-13
837,Electric,2021-12-16,2022-10-31
838,Standard,2021-08-23,2022-10-21
839,Standard,2018-10-01,2022-11-06
840,Electric,2018-09-18,2022-10-30
841,Standard,2021-06-16,2022-10-14
842,Electric,2020-07-24,2022-11-14
843,Standard,2022-12-03,2022-11-11
844,Electric,2018-11-28,2022-10-31
845,Standard,2018-04-25,2022-10-12
846,Electric,2018-09-25,2022-12-20
847,Standard,2018-01-12,2022-10-06
848,Standard,2018-03-14,2022-11-18
849,Standard,2020-10-12,2022-11-17
850,Electric,2020-05-23,2022-10-17
851,Standard,2019-02-10,2022-10-05
852,Standard,2018-06-27,2022-11-22
853,Electric,2020-02-11,2022-11-17
854,Standard,2020-08-03,2023-01-01
855,Standard,2021-07-06,2022-10-21
856,Standard,2019-02-04,2022-10-26
857,Electric,2018-09-27,2022-12-21
858,Standard,2022-07-14,2022-10-06
859,Standard,2022-09-01,2022-10-21
860,Electric,2019-05-01,2022-11-28
861,Electric,2022-05-23,2022-11-30
862,Standard,2018-02-28,2022-11-05
863,Electric,2019-10-04,2022-11-28
864,Electric,2020-06-05,2022-11-17
865,Standard,2018-09-23,2022-10-10
866,Electric,2018-03-16,2022-10-28
867,Standard,2021-01-18,2022-11-19
868,Standard,2019-05-20,2022-12-07
869,Standard,2018-12-23,2022-11-21
870,Standard,2018-06-03,2022-10-17
871,Standard,2021-05-26,2022-12-03
872,Electric,2019-05-01,2022-12-01
873,Standard,2022-04-13,2022-11-27
874,Standard,2021-02-27,2022-12-14
875,Standard,2018-03-07,2022-12-11
876,Electric,2021-03-13,2022-10-29
877,Standard,2019-01-15,2022-11-06
878,Standard,2021-08-29,2022-12-22
879,Standard,2019-02-11,2022-12-07
880,Electric,2021-12-01,2022-11-15
881,Standard,2018-10-04,2022-12-14
882,Electric,2019-09-07,2022-10-11
883,Standard,2021-12-03,2022-12-21
884,Standard,2018-11-10,2022-10-27
885,Standard,2019-07-03,2022-11-07
886,Electric,2021-06-26,2022-12-15
887,Standard,2019-04-06,2022-12-28
888,Standard,2019-02-03,2022-12-09
889,Standard,2022-08-19,2022-10-16
890,Standard,2019-03-27,2022-11-25
891,Standard,2019-04-16,2022-10-27
892,Electric,2022-07-26,2022-10-24
893,Standard,2022-05-02,2022-10-18
894,Standard,2021-12-28,2022-11-11
895,Standard,2020-08-13,2022-10-19
896,Standard,2022-01-09,2022-11-24
897,Standard,2019-12-08,2022-11-04
898,Standard,2018-04-13,2022-12-07
899,Electric,2018-11-24,2022-10-29
900,Standard,2022-09-03,2022-10-14
901,Electric,2019-08-24,2022-11-15
902,Standard,2018-09-03,2022-11-10
903,Standard,2020-12-17,2022-12-24
904,Electric,2018-04-15,2022-12-28
905,Electric,2019-11-23,2022-10-22
906,Standard,2020-08-29,2022-11-02
907,Standard,2020-12-28,2022-12-12
908,Standard,2020-09-19,2022-10-31
909,Standard,2021-08-18,2022-12-13
910,Standard,2018-06-02,2022-11-05
911,Electric,2022-04-10,2022-11-18
912,Standard,2020-11-24,2022-12-11
913,Standard,2020-08-14,2022-10-17
914,Standard,2020-11-04,2022-10-19
915,Standard,2021-02-03,2022-10-12
916,Standard,2019-12-31,2022-10-31
917,Standard,2018-03-15,2022-12-03
918,Electric,2020-05-05,2022-10-31
919,Standard,2018-10-12,2022-11-19
920,Electric,2022-04-23,2022-10-27
921,Standard,2021-05-05,2022-11-05
922,Electric,2018-10-07,2022-10-29
923,Electric,2020-02-26,2022-11-27
924,Electric,2019-11-17,2022-12-27
925,Electric,2022-04-29,2022-11-26
926,Standard,2020-08-26,2022-10-19
927,Electric,2022-08-17,2022-11-08
928,Electric,2021-03-22,2022-10-17
929,Standard,2018-10-18,2022-10-19
930,Standard,2020-07-20,2022-11-04
931,Standard,2021-03-11,2022-11-25
932,Standard,2020-02-07,2022-12-08
933,Standard,2018-11-08,2022-10-15
934,Standard,2019-10-08,2022-10-17
935,Standard,2020-11-21,2022-11-30
936,Electric,2018-01-26,2022-12-20
937,Standard,2018-09-12,2022-11-25
938,Electric,2022-10-25,2022-11-05
939,Standard,2020-12-15,2022-10-06
940,Standard,2018-10-20,2022-12-13
941,Standard,2019-09-29,2022-12-16
942,Standard,2018-08-18,2022-12-09
943,Standard,2018-02-22,2022-12-07
944,Standard,2020-08-11,2022-11-23
945,Standard,2018-04-11,2022-12-01
946,Standard,2022-01-30,2022-10-16
947,Standard,2020-03-14,2022-11-26
948,Standard,2020-05-18,2022-10-08
949,Standard,2018-09-24,2022-10-08
950,Standard,2022-12-24,2022-11-03
951,Standard,2018-01-02,2022-11-06
952,Standard,2018-01-22,2022-11-05
953,Standard,2019-08-01,2022-10-27
954,Standard,2018-07-31,2022-12-11
955,Standard,2021-06-13,2022-11-05
956,Standard,2019-06-13,2022-10-09
957,Standard,2019-01-23,2022-10-14
958,Standard,2018-01-14,2022-10-21
959,Standard,2019-06-03,2022-10-17
960,Electric,2021-05-30,2022-10-20
961,Electric,2019-09-08,2022-11-14
962,Standard,2020-08-19,2022-10-09
963,Electric,2019-02-07,2022-11-14
964,Standard,2022-03-17,2022-11-21
965,Standard,2018-10-14,2022-11-23
966,Electric,2019-01-19,2022-10-23
967,Electric,2021-06-24,2022-11-17
968,Standard,2021-01-19,2022-12-11
969,Standard,2020-04-05,2022-10-12
970,Standard,2018-11-08,2022-12-12
971,Standard,2021-12-31,2022-11-12
972,Standard,2019-12-27,2022-12-19
973,Standard,2018-02-12,2022-10-20
974,Electric,2021-01-02,2022-12-24
975,Standard,2020-01-24,2022-12-15
976,Electric,2020-09-19,2022-12-20
977,Standard,2022-05-04,2022-12-16
978,Standard,2020-05-25,2022-10-07
979,Standard,2021-09-01,2022-12-08
980,Standard,2020-01-04,2022-11-09
981,Standard,2018-05-24,2022-12-17
982,Standard,2021-09-14,2022-12-09
983,Standard,2018-07-28,2022-10-19
984,Standard,2021-01-27,2022-12-10
985,Standard,2019-12-01,2022-11-22
986,Standard,2018-04-24,2022-10-08
987,Standard,2018-06-24,2022-11-30
988,Standard,2018-09-28,2022-11-21
989,Standard,2018-03-04,2022-11-15
990,Electric,2020-10-04,2022-12-15
991,Standard,2020-03-06,2022-10-31
992,Standard,2021-11-28,2022-10-16
993,Standard,2018-08-13,2022-12-22
994,Standard,2018-06-10,2022-12-09
995,Standard,2020-11-25,2022-11-02
996,Standard,2019-01-16,2022-10-30
997,Electric,2022-08-04,2022-11-27
998,Standard,2018-11-14,2022-10-11
999,Standard,2019-12-09,2022-10-17
1000,Standard,2022-08-14,2022-11-10
